Произошла неизвестная ошибка.,,,,,,
Область,,,,,,
Лучшее: {0},,,,,,
Стоимость,,,,,,
Циклы,,,,,,
Инструкции,,,,,,
N/A,,,,,,
Сейчас: {0},,,,,,
Prev: {0},,,,,,
"Не удалось найти ранее загруженный элемент Мастерской. Пожалуйста, загрузите его снова, чтобы создать новый элемент.",,,,,,
"Загрузка завершилась по таймеру. Пожалуйста, попробуйте еще раз.",,,,,,
Это: {0},,,,,,
Высший процент,,,,,,
Пазл без названия,,,,,,
Вы не авторизованы в Steam.,,,,,,
У вас недостаточно прав для загрузки этого предмета.,,,,,,
{0} (Копия),,,,,,
